[
    {
        "ip": "127.0.0.1",
        "available": "-",
        "userid": "jan",
        "time": "30/Jun/2004:22:20:17 +0200",
        "request": "GET /cgi-bin/trac.cgi/login HTTP/1.1",
        "status": "302",
        "size": "4370",
        "referrer": "http://saturn.solar_system/cgi-bin/trac.cgi",
        "userAgent": "Mozilla/5.0 (X11; U; Linux i686; en-US; rv:1.7) Gecko/20040620 Galeon/1.3.15"
    },
    {
        "ip": "127.0.0.1",
        "available": "-",
        "userid": "-",
        "time": "01/Jun/2004:20:57:40 +0200",
        "request": "GET / HTTP/1.1",
        "status": "200",
        "size": "1456",
        "referrer": "-",
        "userAgent": "Mozilla/5.0 (X11; U; Linux i686; en-US; rv:1.6) Gecko/20040517 Galeon/1.3.14"
    },
    {
        "ip": "127.0.0.1",
        "available": "-",
        "userid": "-",
        "time": "01/Jun/2004:20:57:40 +0200",
        "request": "GET /apache_pb.gif HTTP/1.1",
        "status": "200",
        "size": "2326",
        "referrer": "http://localhost/",
        "userAgent": "Mozilla/5.0 (X11; U; Linux i686; en-US; rv:1.6) Gecko/20040517 Galeon/1.3.14"
    },
    {
        "ip": "127.0.0.1",
        "available": "-",
        "userid": "-",
        "time": "01/Jun/2004:20:57:43 +0200",
        "request": "GET /manual/ HTTP/1.1",
        "status": "404",
        "size": "65",
        "referrer": "http://localhost/",
        "userAgent": "Mozilla/5.0 (X11; U; Linux i686; en-US; rv:1.6) Gecko/20040517 Galeon/1.3.14"
    },
    {
        "ip": "127.0.0.1",
        "available": "-",
        "userid": "-",
        "time": "01/Jun/2004:20:57:47 +0200",
        "request": "GET / HTTP/1.1",
        "status": "200",
        "size": "1456",
        "referrer": "-",
        "userAgent": "Mozilla/5.0 (X11; U; Linux i686; en-US; rv:1.6) Gecko/20040517 Galeon/1.3.14"
    },
    {
        "ip": "127.0.0.1",
        "available": "-",
        "userid": "-",
        "time": "01/Jun/2004:21:02:11 +0200",
        "request": "GET / HTTP/1.1",
        "status": "200",
        "size": "1456",
        "referrer": "-",
        "userAgent": "Mozilla/5.0 (X11; U; Linux i686; en-US; rv:1.6) Gecko/20040517 Galeon/1.3.14"
    },
    {
        "ip": "127.0.0.1",
        "available": "-",
        "userid": "-",
        "time": "01/Jun/2004:21:02:11 +0200",
        "request": "GET /apache_pb.gif HTTP/1.1",
        "status": "200",
        "size": "2326",
        "referrer": "http://localhost/",
        "userAgent": "Mozilla/5.0 (X11; U; Linux i686; en-US; rv:1.6) Gecko/20040517 Galeon/1.3.14"
    },
    {
        "ip": "127.0.0.1",
        "available": "-",
        "userid": "-",
        "time": "01/Jun/2004:21:02:13 +0200",
        "request": "GET /manual/ HTTP/1.1",
        "status": "404",
        "size": "79",
        "referrer": "http://localhost/",
        "userAgent": "Mozilla/5.0 (X11; U; Linux i686; en-US; rv:1.6) Gecko/20040517 Galeon/1.3.14"
    },
    {
        "ip": "127.0.0.1",
        "available": "-",
        "userid": "-",
        "time": "01/Jun/2004:21:02:14 +0200",
        "request": "GET /manual/ HTTP/1.1",
        "status": "404",
        "size": "79",
        "referrer": "http://localhost/",
        "userAgent": "Mozilla/5.0 (X11; U; Linux i686; en-US; rv:1.6) Gecko/20040517 Galeon/1.3.14"
    },
    {
        "ip": "127.0.0.1",
        "available": "-",
        "userid": "-",
        "time": "01/Jun/2004:21:02:17 +0200",
        "request": "GET /manual/ HTTP/1.1",
        "status": "404",
        "size": "79",
        "referrer": "http://localhost/",
        "userAgent": "Mozilla/5.0 (X11; U; Linux i686; en-US; rv:1.6) Gecko/20040517 Galeon/1.3.14"
    },
    {
        "ip": "127.0.0.1",
        "available": "-",
        "userid": "-",
        "time": "01/Jun/2004:21:03:19 +0200",
        "request": "GET / HTTP/1.0",
        "status": "200",
        "size": "1456",
        "referrer": "-",
        "userAgent": "Links (2.1pre11; Linux 2.6.5-gentoo-r1 i686; 80x24)"
    },
    {
        "ip": "127.0.0.1",
        "available": "-",
        "userid": "-",
        "time": "01/Jun/2004:21:03:22 +0200",
        "request": "GET /manual/ HTTP/1.0",
        "status": "404",
        "size": "79",
        "referrer": "-",
        "userAgent": "Links (2.1pre11; Linux 2.6.5-gentoo-r1 i686; 80x24)"
    },
    {
        "ip": "127.0.0.1",
        "available": "-",
        "userid": "-",
        "time": "01/Jun/2004:21:04:12 +0200",
        "request": "GET /manual/ HTTP/1.1",
        "status": "200",
        "size": "168",
        "referrer": "http://localhost/",
        "userAgent": "Mozilla/5.0 (X11; U; Linux i686; en-US; rv:1.6) Gecko/20040517 Galeon/1.3.14"
    },
    {
        "ip": "127.0.0.1",
        "available": "-",
        "userid": "-",
        "time": "01/Jun/2004:21:04:20 +0200",
        "request": "GET / HTTP/1.1",
        "status": "200",
        "size": "1456",
        "referrer": "-",
        "userAgent": "Mozilla/5.0 (X11; U; Linux i686; en-US; rv:1.6) Gecko/20040517 Galeon/1.3.14"
    },
    {
        "ip": "127.0.0.1",
        "available": "-",
        "userid": "-",
        "time": "01/Jun/2004:21:04:24 +0200",
        "request": "GET /manual/ HTTP/1.1",
        "status": "200",
        "size": "168",
        "referrer": "http://localhost/",
        "userAgent": "Mozilla/5.0 (X11; U; Linux i686; en-US; rv:1.6) Gecko/20040517 Galeon/1.3.14"
    },
    {
        "ip": "127.0.0.1",
        "available": "-",
        "userid": "-",
        "time": "01/Jun/2004:21:04:27 +0200",
        "request": "GET /manual/ HTTP/1.1",
        "status": "200",
        "size": "168",
        "referrer": "http://localhost/",
        "userAgent": "Mozilla/5.0 (X11; U; Linux i686; en-US; rv:1.6) Gecko/20040517 Galeon/1.3.14"
    },
    {
        "ip": "127.0.0.1",
        "available": "-",
        "userid": "-",
        "time": "01/Jun/2004:21:32:32 +0200",
        "request": "GET / HTTP/1.1",
        "status": "200",
        "size": "1456",
        "referrer": "-",
        "userAgent": "Mozilla/5.0 (X11; U; Linux i686; en-US; rv:1.6) Gecko/20040517 Galeon/1.3.14"
    },
    {
        "ip": "127.0.0.1",
        "available": "-",
        "userid": "-",
        "time": "01/Jun/2004:21:32:36 +0200",
        "request": "GET /manual/ HTTP/1.1",
        "status": "200",
        "size": "2117",
        "referrer": "http://localhost/",
        "userAgent": "Mozilla/5.0 (X11; U; Linux i686; en-US; rv:1.6) Gecko/20040517 Galeon/1.3.14"
    },
    {
        "ip": "127.0.0.1",
        "available": "-",
        "userid": "-",
        "time": "01/Jun/2004:21:32:36 +0200",
        "request": "GET /manual/style/css/manual.css HTTP/1.1",
        "status": "200",
        "size": "18056",
        "referrer": "http://localhost/manual/",
        "userAgent": "Mozilla/5.0 (X11; U; Linux i686; en-US; rv:1.6) Gecko/20040517 Galeon/1.3.14"
    },
    {
        "ip": "127.0.0.1",
        "available": "-",
        "userid": "-",
        "time": "01/Jun/2004:21:32:36 +0200",
        "request": "GET /manual/style/css/manual-print.css HTTP/1.1",
        "status": "200",
        "size": "12948",
        "referrer": "http://localhost/manual/",
        "userAgent": "Mozilla/5.0 (X11; U; Linux i686; en-US; rv:1.6) Gecko/20040517 Galeon/1.3.14"
    },
    {
        "ip": "127.0.0.1",
        "available": "-",
        "userid": "-",
        "time": "01/Jun/2004:21:32:36 +0200",
        "request": "GET /manual/style/css/manual-loose-100pc.css HTTP/1.1",
        "status": "200",
        "size": "2882",
        "referrer": "http://localhost/manual/",
        "userAgent": "Mozilla/5.0 (X11; U; Linux i686; en-US; rv:1.6) Gecko/20040517 Galeon/1.3.14"
    },
    {
        "ip": "127.0.0.1",
        "available": "-",
        "userid": "-",
        "time": "01/Jun/2004:21:32:36 +0200",
        "request": "GET /manual/images/feather.gif HTTP/1.1",
        "status": "200",
        "size": "6471",
        "referrer": "http://localhost/manual/",
        "userAgent": "Mozilla/5.0 (X11; U; Linux i686; en-US; rv:1.6) Gecko/20040517 Galeon/1.3.14"
    },
    {
        "ip": "127.0.0.1",
        "available": "-",
        "userid": "-",
        "time": "01/Jun/2004:21:32:36 +0200",
        "request": "GET /manual/images/left.gif HTTP/1.1",
        "status": "200",
        "size": "60",
        "referrer": "http://localhost/manual/",
        "userAgent": "Mozilla/5.0 (X11; U; Linux i686; en-US; rv:1.6) Gecko/20040517 Galeon/1.3.14"
    },
    {
        "ip": "127.0.0.1",
        "available": "-",
        "userid": "-",
        "time": "01/Jun/2004:21:32:36 +0200",
        "request": "GET /manual/images/favicon.ico HTTP/1.1",
        "status": "200",
        "size": "1078",
        "referrer": "-",
        "userAgent": "Mozilla/5.0 (X11; U; Linux i686; en-US; rv:1.6) Gecko/20040517 Galeon/1.3.14"
    },
    {
        "ip": "127.0.0.1",
        "available": "-",
        "userid": "-",
        "time": "01/Jun/2004:21:32:40 +0200",
        "request": "GET /manual/vhosts/ HTTP/1.1",
        "status": "200",
        "size": "2196",
        "referrer": "http://localhost/manual/",
        "userAgent": "Mozilla/5.0 (X11; U; Linux i686; en-US; rv:1.6) Gecko/20040517 Galeon/1.3.14"
    },
    {
        "ip": "127.0.0.1",
        "available": "-",
        "userid": "-",
        "time": "01/Jun/2004:21:32:40 +0200",
        "request": "GET /manual/style/css/manual.css HTTP/1.1",
        "status": "200",
        "size": "18056",
        "referrer": "http://localhost/manual/vhosts/",
        "userAgent": "Mozilla/5.0 (X11; U; Linux i686; en-US; rv:1.6) Gecko/20040517 Galeon/1.3.14"
    },
    {
        "ip": "127.0.0.1",
        "available": "-",
        "userid": "-",
        "time": "01/Jun/2004:21:32:40 +0200",
        "request": "GET /manual/style/css/manual-loose-100pc.css HTTP/1.1",
        "status": "200",
        "size": "2882",
        "referrer": "http://localhost/manual/vhosts/",
        "userAgent": "Mozilla/5.0 (X11; U; Linux i686; en-US; rv:1.6) Gecko/20040517 Galeon/1.3.14"
    },
    {
        "ip": "127.0.0.1",
        "available": "-",
        "userid": "-",
        "time": "01/Jun/2004:21:32:40 +0200",
        "request": "GET /manual/style/css/manual-print.css HTTP/1.1",
        "status": "200",
        "size": "12948",
        "referrer": "http://localhost/manual/vhosts/",
        "userAgent": "Mozilla/5.0 (X11; U; Linux i686; en-US; rv:1.6) Gecko/20040517 Galeon/1.3.14"
    },
    {
        "ip": "127.0.0.1",
        "available": "-",
        "userid": "-",
        "time": "01/Jun/2004:21:32:40 +0200",
        "request": "GET /manual/images/favicon.ico HTTP/1.1",
        "status": "200",
        "size": "1078",
        "referrer": "-",
        "userAgent": "Mozilla/5.0 (X11; U; Linux i686; en-US; rv:1.6) Gecko/20040517 Galeon/1.3.14"
    },
    {
        "ip": "127.0.0.1",
        "available": "-",
        "userid": "-",
        "time": "01/Jun/2004:21:32:40 +0200",
        "request": "GET /manual/images/up.gif HTTP/1.1",
        "status": "200",
        "size": "57",
        "referrer": "http://localhost/manual/vhosts/",
        "userAgent": "Mozilla/5.0 (X11; U; Linux i686; en-US; rv:1.6) Gecko/20040517 Galeon/1.3.14"
    },
    {
        "ip": "127.0.0.1",
        "available": "-",
        "userid": "-",
        "time": "01/Jun/2004:21:32:40 +0200",
        "request": "GET /manual/images/down.gif HTTP/1.1",
        "status": "200",
        "size": "56",
        "referrer": "http://localhost/manual/vhosts/",
        "userAgent": "Mozilla/5.0 (X11; U; Linux i686; en-US; rv:1.6) Gecko/20040517 Galeon/1.3.14"
    },
    {
        "ip": "127.0.0.1",
        "available": "-",
        "userid": "-",
        "time": "01/Jun/2004:21:32:42 +0200",
        "request": "GET /manual/ HTTP/1.1",
        "status": "200",
        "size": "2117",
        "referrer": "http://localhost/",
        "userAgent": "Mozilla/5.0 (X11; U; Linux i686; en-US; rv:1.6) Gecko/20040517 Galeon/1.3.14"
    },
    {
        "ip": "127.0.0.1",
        "available": "-",
        "userid": "-",
        "time": "01/Jun/2004:21:32:42 +0200",
        "request": "GET /manual/style/css/manual.css HTTP/1.1",
        "status": "200",
        "size": "18056",
        "referrer": "http://localhost/manual/",
        "userAgent": "Mozilla/5.0 (X11; U; Linux i686; en-US; rv:1.6) Gecko/20040517 Galeon/1.3.14"
    },
    {
        "ip": "127.0.0.1",
        "available": "-",
        "userid": "-",
        "time": "01/Jun/2004:21:32:42 +0200",
        "request": "GET /manual/style/css/manual-print.css HTTP/1.1",
        "status": "200",
        "size": "12948",
        "referrer": "http://localhost/manual/",
        "userAgent": "Mozilla/5.0 (X11; U; Linux i686; en-US; rv:1.6) Gecko/20040517 Galeon/1.3.14"
    },
    {
        "ip": "127.0.0.1",
        "available": "-",
        "userid": "-",
        "time": "01/Jun/2004:21:32:42 +0200",
        "request": "GET /manual/style/css/manual-loose-100pc.css HTTP/1.1",
        "status": "200",
        "size": "2882",
        "referrer": "http://localhost/manual/",
        "userAgent": "Mozilla/5.0 (X11; U; Linux i686; en-US; rv:1.6) Gecko/20040517 Galeon/1.3.14"
    },
    {
        "ip": "127.0.0.1",
        "available": "-",
        "userid": "-",
        "time": "01/Jun/2004:21:32:42 +0200",
        "request": "GET /manual/images/favicon.ico HTTP/1.1",
        "status": "200",
        "size": "1078",
        "referrer": "-",
        "userAgent": "Mozilla/5.0 (X11; U; Linux i686; en-US; rv:1.6) Gecko/20040517 Galeon/1.3.14"
    },
    {
        "ip": "127.0.0.1",
        "available": "-",
        "userid": "-",
        "time": "01/Jun/2004:21:33:22 +0200",
        "request": "GET /svnview HTTP/1.1",
        "status": "500",
        "size": "656",
        "referrer": "-",
        "userAgent": "Mozilla/5.0 (X11; U; Linux i686; en-US; rv:1.6) Gecko/20040517 Galeon/1.3.14"
    },
    {
        "ip": "127.0.0.1",
        "available": "-",
        "userid": "-",
        "time": "01/Jun/2004:21:34:35 +0200",
        "request": "GET /svnview HTTP/1.1",
        "status": "200",
        "size": "2307",
        "referrer": "-",
        "userAgent": "Mozilla/5.0 (X11; U; Linux i686; en-US; rv:1.6) Gecko/20040517 Galeon/1.3.14"
    },
    {
        "ip": "127.0.0.1",
        "available": "-",
        "userid": "-",
        "time": "01/Jun/2004:21:34:36 +0200",
        "request": "GET /default.css HTTP/1.1",
        "status": "200",
        "size": "15683",
        "referrer": "http://localhost/svnview",
        "userAgent": "Mozilla/5.0 (X11; U; Linux i686; en-US; rv:1.6) Gecko/20040517 Galeon/1.3.14"
    },
    {
        "ip": "127.0.0.1",
        "available": "-",
        "userid": "-",
        "time": "01/Jun/2004:21:34:55 +0200",
        "request": "GET /svnview?repos=devel&rev=latest&root=/SVNview HTTP/1.1",
        "status": "200",
        "size": "6026",
        "referrer": "http://localhost/svnview",
        "userAgent": "Mozilla/5.0 (X11; U; Linux i686; en-US; rv:1.6) Gecko/20040517 Galeon/1.3.14"
    },
    {
        "ip": "127.0.0.1",
        "available": "-",
        "userid": "-",
        "time": "01/Jun/2004:21:34:55 +0200",
        "request": "GET /default.css HTTP/1.1",
        "status": "200",
        "size": "15683",
        "referrer": "http://localhost/svnview?repos=devel&rev=latest&root=/SVNview",
        "userAgent": "Mozilla/5.0 (X11; U; Linux i686; en-US; rv:1.6) Gecko/20040517 Galeon/1.3.14"
    },
    {
        "ip": "127.0.0.1",
        "available": "-",
        "userid": "-",
        "time": "01/Jun/2004:21:34:57 +0200",
        "request": "GET /default.css HTTP/1.1",
        "status": "200",
        "size": "15683",
        "referrer": "http://localhost/svnview?repos=devel&rev=latest&root=SVNview/tmpl&list_revs=1",
        "userAgent": "Mozilla/5.0 (X11; U; Linux i686; en-US; rv:1.6) Gecko/20040517 Galeon/1.3.14"
    },
    {
        "ip": "127.0.0.1",
        "available": "-",
        "userid": "-",
        "time": "01/Jun/2004:21:34:57 +0200",
        "request": "GET /svnview?repos=devel&rev=latest&root=SVNview/tmpl&list_revs=1 HTTP/1.1",
        "status": "200",
        "size": "10448",
        "referrer": "http://localhost/svnview?repos=devel&rev=latest&root=/SVNview",
        "userAgent": "Mozilla/5.0 (X11; U; Linux i686; en-US; rv:1.6) Gecko/20040517 Galeon/1.3.14"
    },
    {
        "ip": "127.0.0.1",
        "available": "-",
        "userid": "-",
        "time": "01/Jun/2004:21:35:00 +0200",
        "request": "GET /default.css HTTP/1.1",
        "status": "200",
        "size": "15683",
        "referrer": "http://localhost/svnview?repos=devel&rev=85&root=SVNview/tmpl&show=1",
        "userAgent": "Mozilla/5.0 (X11; U; Linux i686; en-US; rv:1.6) Gecko/20040517 Galeon/1.3.14"
    },
    {
        "ip": "127.0.0.1",
        "available": "-",
        "userid": "-",
        "time": "01/Jun/2004:21:35:00 +0200",
        "request": "GET /svnview?repos=devel&rev=85&root=SVNview/tmpl&show=1 HTTP/1.1",
        "status": "200",
        "size": "4433",
        "referrer": "http://localhost/svnview?repos=devel&rev=latest&root=SVNview/tmpl&list_revs=1",
        "userAgent": "Mozilla/5.0 (X11; U; Linux i686; en-US; rv:1.6) Gecko/20040517 Galeon/1.3.14"
    },
    {
        "ip": "127.0.0.1",
        "available": "-",
        "userid": "-",
        "time": "01/Jun/2004:21:35:02 +0200",
        "request": "GET /default.css HTTP/1.1",
        "status": "200",
        "size": "15683",
        "referrer": "http://localhost/svnview?repos=devel&rev=85&root=SVNview/tmpl/header.tmpl",
        "userAgent": "Mozilla/5.0 (X11; U; Linux i686; en-US; rv:1.6) Gecko/20040517 Galeon/1.3.14"
    },
    {
        "ip": "127.0.0.1",
        "available": "-",
        "userid": "-",
        "time": "01/Jun/2004:21:35:02 +0200",
        "request": "GET /svnview?repos=devel&rev=85&root=SVNview/tmpl/header.tmpl HTTP/1.1",
        "status": "200",
        "size": "7547",
        "referrer": "http://localhost/svnview?repos=devel&rev=85&root=SVNview/tmpl&show=1",
        "userAgent": "Mozilla/5.0 (X11; U; Linux i686; en-US; rv:1.6) Gecko/20040517 Galeon/1.3.14"
    },
    {
        "ip": "127.0.0.1",
        "available": "-",
        "userid": "-",
        "time": "01/Jun/2004:21:35:07 +0200",
        "request": "GET /svnview?repos=devel&rev=85&root=SVNview/tmpl/header.tmpl&show=1 HTTP/1.1",
        "status": "500",
        "size": "656",
        "referrer": "http://localhost/svnview?repos=devel&rev=85&root=SVNview/tmpl/header.tmpl",
        "userAgent": "Mozilla/5.0 (X11; U; Linux i686; en-US; rv:1.6) Gecko/20040517 Galeon/1.3.14"
    },
    {
        "ip": "127.0.0.1",
        "available": "-",
        "userid": "-",
        "time": "01/Jun/2004:21:35:11 +0200",
        "request": "GET /svnview?repos=devel&rev=85&root=SVNview/tmpl/header.tmpl HTTP/1.1",
        "status": "200",
        "size": "7547",
        "referrer": "http://localhost/svnview?repos=devel&rev=85&root=SVNview/tmpl&show=1",
        "userAgent": "Mozilla/5.0 (X11; U; Linux i686; en-US; rv:1.6) Gecko/20040517 Galeon/1.3.14"
    },
    {
        "ip": "127.0.0.1",
        "available": "-",
        "userid": "-",
        "time": "01/Jun/2004:21:35:11 +0200",
        "request": "GET /default.css HTTP/1.1",
        "status": "200",
        "size": "15683",
        "referrer": "http://localhost/svnview?repos=devel&rev=85&root=SVNview/tmpl/header.tmpl",
        "userAgent": "Mozilla/5.0 (X11; U; Linux i686; en-US; rv:1.6) Gecko/20040517 Galeon/1.3.14"
    },
    {
        "ip": "127.0.0.1",
        "available": "-",
        "userid": "-",
        "time": "01/Jun/2004:21:35:24 +0200",
        "request": "GET /svnview?repos=devel&rev=84&root=SVNview/tmpl/header.tmpl&show=1&view=plain HTTP/1.1",
        "status": "200",
        "size": "400",
        "referrer": "http://localhost/svnview?repos=devel&rev=85&root=SVNview/tmpl/header.tmpl",
        "userAgent": "Mozilla/5.0 (X11; U; Linux i686; en-US; rv:1.6) Gecko/20040517 Galeon/1.3.14"
    },
    {
        "ip": "127.0.0.1",
        "available": "-",
        "userid": "-",
        "time": "01/Jun/2004:21:35:29 +0200",
        "request": "GET /svnview?repos=devel&rev=85&root=SVNview/tmpl/header.tmpl HTTP/1.1",
        "status": "200",
        "size": "7547",
        "referrer": "http://localhost/svnview?repos=devel&rev=85&root=SVNview/tmpl&show=1",
        "userAgent": "Mozilla/5.0 (X11; U; Linux i686; en-US; rv:1.6) Gecko/20040517 Galeon/1.3.14"
    },
    {
        "ip": "127.0.0.1",
        "available": "-",
        "userid": "-",
        "time": "01/Jun/2004:21:35:29 +0200",
        "request": "GET /default.css HTTP/1.1",
        "status": "200",
        "size": "15683",
        "referrer": "http://localhost/svnview?repos=devel&rev=85&root=SVNview/tmpl/header.tmpl",
        "userAgent": "Mozilla/5.0 (X11; U; Linux i686; en-US; rv:1.6) Gecko/20040517 Galeon/1.3.14"
    },
    {
        "ip": "127.0.0.1",
        "available": "-",
        "userid": "-",
        "time": "01/Jun/2004:21:35:36 +0200",
        "request": "GET /svnview?repos=devel&rev=85&root=SVNview/tmpl&show=1 HTTP/1.1",
        "status": "200",
        "size": "4433",
        "referrer": "http://localhost/svnview?repos=devel&rev=latest&root=SVNview/tmpl&list_revs=1",
        "userAgent": "Mozilla/5.0 (X11; U; Linux i686; en-US; rv:1.6) Gecko/20040517 Galeon/1.3.14"
    },
    {
        "ip": "127.0.0.1",
        "available": "-",
        "userid": "-",
        "time": "01/Jun/2004:21:35:37 +0200",
        "request": "GET /default.css HTTP/1.1",
        "status": "200",
        "size": "15683",
        "referrer": "http://localhost/svnview?repos=devel&rev=85&root=SVNview/tmpl&show=1",
        "userAgent": "Mozilla/5.0 (X11; U; Linux i686; en-US; rv:1.6) Gecko/20040517 Galeon/1.3.14"
    },
    {
        "ip": "127.0.0.1",
        "available": "-",
        "userid": "-",
        "time": "01/Jun/2004:21:35:39 +0200",
        "request": "GET /svnview?repos=devel&rev=33&root=SVNview/tmpl/contents.tmpl&show=1 HTTP/1.1",
        "status": "500",
        "size": "656",
        "referrer": "http://localhost/svnview?repos=devel&rev=85&root=SVNview/tmpl&show=1",
        "userAgent": "Mozilla/5.0 (X11; U; Linux i686; en-US; rv:1.6) Gecko/20040517 Galeon/1.3.14"
    },
    {
        "ip": "127.0.0.1",
        "available": "-",
        "userid": "-",
        "time": "01/Jun/2004:21:35:41 +0200",
        "request": "GET /svnview?repos=devel&rev=85&root=SVNview/tmpl&show=1 HTTP/1.1",
        "status": "200",
        "size": "4433",
        "referrer": "http://localhost/svnview?repos=devel&rev=latest&root=SVNview/tmpl&list_revs=1",
        "userAgent": "Mozilla/5.0 (X11; U; Linux i686; en-US; rv:1.6) Gecko/20040517 Galeon/1.3.14"
    },
    {
        "ip": "127.0.0.1",
        "available": "-",
        "userid": "-",
        "time": "01/Jun/2004:21:35:42 +0200",
        "request": "GET /default.css HTTP/1.1",
        "status": "200",
        "size": "15683",
        "referrer": "http://localhost/svnview?repos=devel&rev=85&root=SVNview/tmpl&show=1",
        "userAgent": "Mozilla/5.0 (X11; U; Linux i686; en-US; rv:1.6) Gecko/20040517 Galeon/1.3.14"
    },
    {
        "ip": "127.0.0.1",
        "available": "-",
        "userid": "-",
        "time": "01/Jun/2004:21:35:45 +0200",
        "request": "GET /default.css HTTP/1.1",
        "status": "200",
        "size": "15683",
        "referrer": "http://localhost/svnview?repos=devel&rev=85&root=SVNview/tmpl/contents.tmpl",
        "userAgent": "Mozilla/5.0 (X11; U; Linux i686; en-US; rv:1.6) Gecko/20040517 Galeon/1.3.14"
    },
    {
        "ip": "127.0.0.1",
        "available": "-",
        "userid": "-",
        "time": "01/Jun/2004:21:35:44 +0200",
        "request": "GET /svnview?repos=devel&rev=85&root=SVNview/tmpl/contents.tmpl HTTP/1.1",
        "status": "200",
        "size": "3889",
        "referrer": "http://localhost/svnview?repos=devel&rev=85&root=SVNview/tmpl&show=1",
        "userAgent": "Mozilla/5.0 (X11; U; Linux i686; en-US; rv:1.6) Gecko/20040517 Galeon/1.3.14"
    },
    {
        "ip": "1.1.1.1",
        "available": "-",
        "userid": "-",
        "time": "19/Jun/2004:19:18:08 +0200",
        "request": "GET /~jan/WebSVN/filedetails.php?repname=Public&path=/payment_server/vgts_mod/vgts_vt_cc/stable/modules/mod_vt_cc.pl&rev=0&sc=1 HTTP/1.0",
        "status": "200",
        "size": "386749",
        "referrer": "http://localhost/~jan/WebSVN/listing.php?repname=Public&path=/payment_server/vgts_mod/vgts_vt_cc/stable/modules/&rev=0&sc=1",
        "userAgent": "Mozilla/5.0 (X11; U; Linux i686; en-US; rv:1.7) Gecko/20040618 Firefox/0.9"
    },
    {
        "ip": "1.1.1.1",
        "available": "-",
        "userid": "-",
        "time": "19/Jun/2004:19:19:01 +0200",
        "request": "POST /~jan/WebSVN/form.php?path=& HTTP/1.0",
        "status": "302",
        "size": "169",
        "referrer": "http://localhost/~jan/WebSVN/filedetails.php?repname=Public&path=/payment_server/vgts_mod/vgts_vt_cc/stable/modules/mod_vt_cc.pl&rev=0&sc=1",
        "userAgent": "Mozilla/5.0 (X11; U; Linux i686; en-US; rv:1.7) Gecko/20040618 Firefox/0.9"
    },
    {
        "ip": "1.1.1.1",
        "available": "-",
        "userid": "-",
        "time": "19/Jun/2004:19:19:01 +0200",
        "request": "GET /~jan/WebSVN/listing.php?repname=Private&path=/& HTTP/1.0",
        "status": "200",
        "size": "6002",
        "referrer": "http://localhost/~jan/WebSVN/filedetails.php?repname=Public&path=/payment_server/vgts_mod/vgts_vt_cc/stable/modules/mod_vt_cc.pl&rev=0&sc=1",
        "userAgent": "Mozilla/5.0 (X11; U; Linux i686; en-US; rv:1.7) Gecko/20040618 Firefox/0.9"
    },
    {
        "ip": "1.1.1.1",
        "available": "-",
        "userid": "-",
        "time": "19/Jun/2004:19:19:05 +0200",
        "request": "GET /~jan/WebSVN/listing.php?repname=Private&path=/Coding_Rules/&rev=0&sc=0 HTTP/1.0",
        "status": "200",
        "size": "3938",
        "referrer": "http://localhost/~jan/WebSVN/listing.php?repname=Private&path=/&",
        "userAgent": "Mozilla/5.0 (X11; U; Linux i686; en-US; rv:1.7) Gecko/20040618 Firefox/0.9"
    },
    {
        "ip": "1.1.1.1",
        "available": "-",
        "userid": "-",
        "time": "19/Jun/2004:19:19:09 +0200",
        "request": "GET /~jan/WebSVN/filedetails.php?repname=Private&path=/Coding_Rules/Perl+Coding+Rules.pod&rev=0&sc=0 HTTP/1.0",
        "status": "200",
        "size": "9633",
        "referrer": "http://localhost/~jan/WebSVN/listing.php?repname=Private&path=/Coding_Rules/&rev=0&sc=0",
        "userAgent": "Mozilla/5.0 (X11; U; Linux i686; en-US; rv:1.7) Gecko/20040618 Firefox/0.9"
    },
    {
        "ip": "1.1.1.1",
        "available": "-",
        "userid": "-",
        "time": "19/Jun/2004:19:19:16 +0200",
        "request": "GET /~jan/WebSVN/diff.php?repname=Private&path=/Coding_Rules/Perl+Coding+Rules.pod&rev=0&sc=0 HTTP/1.0",
        "status": "200",
        "size": "32956",
        "referrer": "http://localhost/~jan/WebSVN/filedetails.php?repname=Private&path=/Coding_Rules/Perl%20Coding%20Rules.pod&rev=0&sc=0",
        "userAgent": "Mozilla/5.0 (X11; U; Linux i686; en-US; rv:1.7) Gecko/20040618 Firefox/0.9"
    },
    {
        "ip": "1.1.1.1",
        "available": "-",
        "userid": "-",
        "time": "19/Jun/2004:19:19:40 +0200",
        "request": "GET /~jan/WebSVN/listing.php?repname=Private&path=/RFC/&rev=0&sc=0 HTTP/1.0",
        "status": "200",
        "size": "5633",
        "referrer": "http://localhost/~jan/WebSVN/listing.php?repname=Private&path=/&",
        "userAgent": "Mozilla/5.0 (X11; U; Linux i686; en-US; rv:1.7) Gecko/20040618 Firefox/0.9"
    },
    {
        "ip": "1.1.1.1",
        "available": "-",
        "userid": "-",
        "time": "19/Jun/2004:19:19:45 +0200",
        "request": "GET /~jan/WebSVN/log.php?repname=Private&path=/RFC/RFC_0004.pod&rev=0&sc=0&isdir=0 HTTP/1.0",
        "status": "200",
        "size": "15189",
        "referrer": "http://localhost/~jan/WebSVN/listing.php?repname=Private&path=/RFC/&rev=0&sc=0",
        "userAgent": "Mozilla/5.0 (X11; U; Linux i686; en-US; rv:1.7) Gecko/20040618 Firefox/0.9"
    },
    {
        "ip": "1.1.1.1",
        "available": "-",
        "userid": "-",
        "time": "19/Jun/2004:19:19:54 +0200",
        "request": "GET /~jan/WebSVN/filedetails.php?repname=Private&path=/RFC/RFC_0004.pod&rev=3269&sc=0 HTTP/1.0",
        "status": "200",
        "size": "10750",
        "referrer": "http://localhost/~jan/WebSVN/log.php?repname=Private&path=/RFC/RFC_0004.pod&rev=0&sc=0&isdir=0",
        "userAgent": "Mozilla/5.0 (X11; U; Linux i686; en-US; rv:1.7) Gecko/20040618 Firefox/0.9"
    },
    {
        "ip": "1.1.1.1",
        "available": "-",
        "userid": "-",
        "time": "19/Jun/2004:19:19:56 +0200",
        "request": "GET /~jan/WebSVN/diff.php?repname=Private&path=/RFC/RFC_0004.pod&rev=3269&sc=0 HTTP/1.0",
        "status": "200",
        "size": "11281",
        "referrer": "http://localhost/~jan/WebSVN/filedetails.php?repname=Private&path=/RFC/RFC_0004.pod&rev=3269&sc=0",
        "userAgent": "Mozilla/5.0 (X11; U; Linux i686; en-US; rv:1.7) Gecko/20040618 Firefox/0.9"
    },
    {
        "ip": "1.1.1.1",
        "available": "-",
        "userid": "-",
        "time": "23/Jun/2004:19:43:42 +0200",
        "request": "GET /manual HTTP/1.1",
        "status": "301",
        "size": "284",
        "referrer": "-",
        "userAgent": "Mozilla/5.0 (X11; U; Linux i686; en-US; rv:1.7) Gecko/20040620 Galeon/1.3.15"
    },
    {
        "ip": "1.1.1.1",
        "available": "-",
        "userid": "-",
        "time": "23/Jun/2004:19:43:42 +0200",
        "request": "GET /manual/ HTTP/1.1",
        "status": "200",
        "size": "2117",
        "referrer": "-",
        "userAgent": "Mozilla/5.0 (X11; U; Linux i686; en-US; rv:1.7) Gecko/20040620 Galeon/1.3.15"
    },
    {
        "ip": "1.1.1.1",
        "available": "-",
        "userid": "-",
        "time": "23/Jun/2004:19:43:42 +0200",
        "request": "GET /manual/style/css/manual.css HTTP/1.1",
        "status": "200",
        "size": "18056",
        "referrer": "http://localhost/manual/",
        "userAgent": "Mozilla/5.0 (X11; U; Linux i686; en-US; rv:1.7) Gecko/20040620 Galeon/1.3.15"
    },
    {
        "ip": "1.1.1.1",
        "available": "-",
        "userid": "-",
        "time": "23/Jun/2004:19:43:42 +0200",
        "request": "GET /manual/style/css/manual-loose-100pc.css HTTP/1.1",
        "status": "200",
        "size": "2882",
        "referrer": "http://localhost/manual/",
        "userAgent": "Mozilla/5.0 (X11; U; Linux i686; en-US; rv:1.7) Gecko/20040620 Galeon/1.3.15"
    },
    {
        "ip": "1.1.1.1",
        "available": "-",
        "userid": "-",
        "time": "23/Jun/2004:19:43:43 +0200",
        "request": "GET /manual/images/favicon.ico HTTP/1.1",
        "status": "200",
        "size": "1078",
        "referrer": "-",
        "userAgent": "Mozilla/5.0 (X11; U; Linux i686; en-US; rv:1.7) Gecko/20040620 Galeon/1.3.15"
    },
    {
        "ip": "1.1.1.1",
        "available": "-",
        "userid": "-",
        "time": "23/Jun/2004:19:43:43 +0200",
        "request": "GET /manual/style/css/manual-print.css HTTP/1.1",
        "status": "200",
        "size": "12948",
        "referrer": "http://localhost/manual/",
        "userAgent": "Mozilla/5.0 (X11; U; Linux i686; en-US; rv:1.7) Gecko/20040620 Galeon/1.3.15"
    },
    {
        "ip": "1.1.1.1",
        "available": "-",
        "userid": "-",
        "time": "23/Jun/2004:19:43:43 +0200",
        "request": "GET /manual/images/left.gif HTTP/1.1",
        "status": "200",
        "size": "60",
        "referrer": "http://localhost/manual/",
        "userAgent": "Mozilla/5.0 (X11; U; Linux i686; en-US; rv:1.7) Gecko/20040620 Galeon/1.3.15"
    },
    {
        "ip": "1.1.1.1",
        "available": "-",
        "userid": "-",
        "time": "23/Jun/2004:19:43:43 +0200",
        "request": "GET /manual/images/feather.gif HTTP/1.1",
        "status": "200",
        "size": "6471",
        "referrer": "http://localhost/manual/",
        "userAgent": "Mozilla/5.0 (X11; U; Linux i686; en-US; rv:1.7) Gecko/20040620 Galeon/1.3.15"
    },
    {
        "ip": "1.1.1.1",
        "available": "-",
        "userid": "-",
        "time": "23/Jun/2004:19:43:47 +0200",
        "request": "GET /manual/logs.html HTTP/1.1",
        "status": "200",
        "size": "9247",
        "referrer": "http://localhost/manual/",
        "userAgent": "Mozilla/5.0 (X11; U; Linux i686; en-US; rv:1.7) Gecko/20040620 Galeon/1.3.15"
    },
    {
        "ip": "1.1.1.1",
        "available": "-",
        "userid": "-",
        "time": "23/Jun/2004:19:43:47 +0200",
        "request": "GET /manual/images/favicon.ico HTTP/1.1",
        "status": "200",
        "size": "1078",
        "referrer": "-",
        "userAgent": "Mozilla/5.0 (X11; U; Linux i686; en-US; rv:1.7) Gecko/20040620 Galeon/1.3.15"
    },
    {
        "ip": "1.1.1.1",
        "available": "-",
        "userid": "-",
        "time": "23/Jun/2004:19:43:47 +0200",
        "request": "GET /manual/images/down.gif HTTP/1.1",
        "status": "200",
        "size": "56",
        "referrer": "http://localhost/manual/logs.html",
        "userAgent": "Mozilla/5.0 (X11; U; Linux i686; en-US; rv:1.7) Gecko/20040620 Galeon/1.3.15"
    },
    {
        "ip": "1.1.1.1",
        "available": "-",
        "userid": "-",
        "time": "26/Jun/2004:21:09:22 +0200",
        "request": "GET /svn/listing.php?repname=Devel&path=/rpg/tags/&rev=0&sc=1 HTTP/1.1",
        "status": "200",
        "size": "3364",
        "referrer": "http://localhost/svn/listing.php?repname=Devel&path=/rpg/&rev=0&sc=1",
        "userAgent": "Mozilla/5.0 (X11; U; Linux i686; en-US; rv:1.7) Gecko/20040620 Galeon/1.3.15"
    },
    {
        "ip": "1.1.1.1",
        "available": "-",
        "userid": "-",
        "time": "26/Jun/2004:21:09:24 +0200",
        "request": "GET /svn/listing.php?repname=Devel&path=/rpg/tags/M1/&rev=0&sc=1 HTTP/1.1",
        "status": "200",
        "size": "12907",
        "referrer": "http://localhost/svn/listing.php?repname=Devel&path=/rpg/tags/&rev=0&sc=1",
        "userAgent": "Mozilla/5.0 (X11; U; Linux i686; en-US; rv:1.7) Gecko/20040620 Galeon/1.3.15"
    },
    {
        "ip": "1.1.1.1",
        "available": "-",
        "userid": "-",
        "time": "26/Jun/2004:21:09:25 +0200",
        "request": "GET /svn/templates/BlueGrey/file.png HTTP/1.1",
        "status": "200",
        "size": "954",
        "referrer": "http://localhost/svn/listing.php?repname=Devel&path=/rpg/tags/M1/&rev=0&sc=1",
        "userAgent": "Mozilla/5.0 (X11; U; Linux i686; en-US; rv:1.7) Gecko/20040620 Galeon/1.3.15"
    },
    {
        "ip": "1.1.1.1",
        "available": "-",
        "userid": "-",
        "time": "26/Jun/2004:21:09:32 +0200",
        "request": "GET /svn/listing.php?repname=Devel&path=/rpg/tags/&rev=0&sc=1 HTTP/1.1",
        "status": "200",
        "size": "3364",
        "referrer": "http://localhost/svn/listing.php?repname=Devel&path=/rpg/&rev=0&sc=1",
        "userAgent": "Mozilla/5.0 (X11; U; Linux i686; en-US; rv:1.7) Gecko/20040620 Galeon/1.3.15"
    },
    {
        "ip": "1.1.1.1",
        "available": "-",
        "userid": "-",
        "time": "26/Jun/2004:21:09:37 +0200",
        "request": "GET /svn/listing.php?repname=Devel&path=/rpg/devel/&rev=0&sc=1 HTTP/1.1",
        "status": "200",
        "size": "14529",
        "referrer": "http://localhost/svn/listing.php?repname=Devel&path=/rpg/&rev=0&sc=1",
        "userAgent": "Mozilla/5.0 (X11; U; Linux i686; en-US; rv:1.7) Gecko/20040620 Galeon/1.3.15"
    },
    {
        "ip": "1.1.1.1",
        "available": "-",
        "userid": "-",
        "time": "26/Jun/2004:21:09:46 +0200",
        "request": "GET /svn/filedetails.php?repname=Devel&path=/rpg/devel/game.pl&rev=0&sc=1 HTTP/1.1",
        "status": "200",
        "size": "3487",
        "referrer": "http://localhost/svn/listing.php?repname=Devel&path=/rpg/devel/&rev=0&sc=1",
        "userAgent": "Mozilla/5.0 (X11; U; Linux i686; en-US; rv:1.7) Gecko/20040620 Galeon/1.3.15"
    },
    {
        "ip": "1.1.1.1",
        "available": "-",
        "userid": "-",
        "time": "30/Jun/2004:22:15:50 +0200",
        "request": "GET /cgi-bin/trac.cgi HTTP/1.1",
        "status": "500",
        "size": "971",
        "referrer": "-",
        "userAgent": "Mozilla/5.0 (X11; U; Linux i686; en-US; rv:1.7) Gecko/20040620 Galeon/1.3.15"
    },
    {
        "ip": "1.1.1.1",
        "available": "-",
        "userid": "-",
        "time": "30/Jun/2004:22:16:44 +0200",
        "request": "GET /trac/css/trac.css HTTP/1.1",
        "status": "404",
        "size": "347",
        "referrer": "http://localhost/cgi-bin/trac.cgi",
        "userAgent": "Mozilla/5.0 (X11; U; Linux i686; en-US; rv:1.7) Gecko/20040620 Galeon/1.3.15"
    },
    {
        "ip": "1.1.1.1",
        "available": "-",
        "userid": "-",
        "time": "30/Jun/2004:22:16:44 +0200",
        "request": "GET /trac/css/code.css HTTP/1.1",
        "status": "404",
        "size": "347",
        "referrer": "http://localhost/cgi-bin/trac.cgi",
        "userAgent": "Mozilla/5.0 (X11; U; Linux i686; en-US; rv:1.7) Gecko/20040620 Galeon/1.3.15"
    },
    {
        "ip": "1.1.1.1",
        "available": "-",
        "userid": "-",
        "time": "01/Jul/2004:00:08:46 +0200",
        "request": "GET /trac/css/changeset.css HTTP/1.1",
        "status": "304",
        "size": "-",
        "referrer": "http://localhost/cgi-bin/trac.cgi",
        "userAgent": "Mozilla/5.0 (X11; U; Linux i686; en-US; rv:1.7) Gecko/20040620 Galeon/1.3.15"
    },
    {
        "ip": "1.1.1.1",
        "available": "-",
        "userid": "-",
        "time": "01/Jul/2004:00:08:46 +0200",
        "request": "GET /trac/trac.js HTTP/1.1",
        "status": "304",
        "size": "-",
        "referrer": "http://localhost/cgi-bin/trac.cgi",
        "userAgent": "Mozilla/5.0 (X11; U; Linux i686; en-US; rv:1.7) Gecko/20040620 Galeon/1.3.15"
    },
    {
        "ip": "1.1.1.1",
        "available": "-",
        "userid": "-",
        "time": "01/Jul/2004:00:08:46 +0200",
        "request": "GET /trac/trac_banner.png HTTP/1.1",
        "status": "304",
        "size": "-",
        "referrer": "http://localhost/cgi-bin/trac.cgi",
        "userAgent": "Mozilla/5.0 (X11; U; Linux i686; en-US; rv:1.7) Gecko/20040620 Galeon/1.3.15"
    },
    {
        "ip": "1.1.1.1",
        "available": "-",
        "userid": "-",
        "time": "01/Jul/2004:00:08:46 +0200",
        "request": "GET /trac/topbar_gradient.png HTTP/1.1",
        "status": "304",
        "size": "-",
        "referrer": "http://localhost/cgi-bin/trac.cgi",
        "userAgent": "Mozilla/5.0 (X11; U; Linux i686; en-US; rv:1.7) Gecko/20040620 Galeon/1.3.15"
    },
    {
        "ip": "1.1.1.1",
        "available": "-",
        "userid": "-",
        "time": "01/Jul/2004:00:08:46 +0200",
        "request": "GET /trac/topbar_active.png HTTP/1.1",
        "status": "304",
        "size": "-",
        "referrer": "http://localhost/cgi-bin/trac.cgi",
        "userAgent": "Mozilla/5.0 (X11; U; Linux i686; en-US; rv:1.7) Gecko/20040620 Galeon/1.3.15"
    },
    {
        "ip": "1.1.1.1",
        "available": "-",
        "userid": "-",
        "time": "01/Jul/2004:00:08:46 +0200",
        "request": "GET /trac/dots.gif HTTP/1.1",
        "status": "304",
        "size": "-",
        "referrer": "http://localhost/cgi-bin/trac.cgi",
        "userAgent": "Mozilla/5.0 (X11; U; Linux i686; en-US; rv:1.7) Gecko/20040620 Galeon/1.3.15"
    },
    {
        "ip": "1.1.1.1",
        "available": "-",
        "userid": "-",
        "time": "01/Jul/2004:00:08:46 +0200",
        "request": "GET /trac/trac_logo_mini.png HTTP/1.1",
        "status": "304",
        "size": "-",
        "referrer": "http://localhost/cgi-bin/trac.cgi",
        "userAgent": "Mozilla/5.0 (X11; U; Linux i686; en-US; rv:1.7) Gecko/20040620 Galeon/1.3.15"
    },
    {
        "ip": "1.1.1.1",
        "available": "-",
        "userid": "-",
        "time": "01/Jul/2004:00:08:46 +0200",
        "request": "GET /cgi-bin/trac.cgi HTTP/1.1",
        "status": "200",
        "size": "7358",
        "referrer": "-",
        "userAgent": "Mozilla/5.0 (X11; U; Linux i686; en-US; rv:1.7) Gecko/20040620 Galeon/1.3.15"
    },
    {
        "ip": "1.1.1.1",
        "available": "-",
        "userid": "-",
        "time": "01/Jul/2004:00:08:52 +0200",
        "request": "GET /cgi-bin/trac.cgi/browser/ HTTP/1.1",
        "status": "200",
        "size": "8571",
        "referrer": "http://localhost/cgi-bin/trac.cgi",
        "userAgent": "Mozilla/5.0 (X11; U; Linux i686; en-US; rv:1.7) Gecko/20040620 Galeon/1.3.15"
    },
    {
        "ip": "1.1.1.1",
        "available": "-",
        "userid": "-",
        "time": "01/Jul/2004:00:09:01 +0200",
        "request": "GET /trac/css/search.css HTTP/1.1",
        "status": "304",
        "size": "-",
        "referrer": "http://localhost/cgi-bin/trac.cgi/search?q=oops&wiki=on&changeset=on&ticket=on",
        "userAgent": "Mozilla/5.0 (X11; U; Linux i686; en-US; rv:1.7) Gecko/20040620 Galeon/1.3.15"
    }
]